train_loss,epoch,created_at
16.257116317749023,0,2020-02-03 13:24:16.328535
