train_loss,epoch,created_at
0.001412133569829166,0,2020-03-02 08:07:46.828321
